# BẢN NHÁP v0 từ EVFTA_Legal_Data_Pack_v0.xlsx — CHƯA có người duyệt. Bỏ các dòng CẦN TRA/PROCESS/CTH_EXCEPT (hệ thống chưa hỗ trợ loại quy tắc này). valid_from=2020-08-01 là ngày EVFTA hiệu lực (giả định, người duyệt xác nhận).
hs_code,name_en,rule_type,threshold_pct,requires_expert,rule_text,source,valid_from,valid_until,reviewed_by,reviewed_at
030617,"Frozen shrimps and prawns, other",WO,,false,[độ tin cậy B] Toàn bộ nguyên liệu thuộc Chương 3 phải có xuất xứ thuần túy (tôm nuôi/đánh bắt tại VN hoặc EU).,"EVFTA Nghị định thư 1, Phụ lục II (nhóm 0306); TT 11/2020/TT-BCT (hợp nhất 25/VBHN-BCT), phụ lục quy tắc cụ thể mặt hàng",2020-08-01,,,
160521,"Shrimps and prawns, prepared, not in airtight container",WO,,false,[độ tin cậy B] Toàn bộ nguyên liệu thuộc Chương 3 sử dụng phải có xuất xứ thuần túy. Tôm nhập từ nước thứ ba → không đạt.,"EVFTA Nghị định thư 1, Phụ lục II (nhóm 1605); TT 11/2020/TT-BCT (hợp nhất 25/VBHN-BCT), phụ lục quy tắc cụ thể mặt hàng",2020-08-01,,,
160529,"Shrimps and prawns, prepared, other",WO,,false,[độ tin cậy B] Như 1605.21,"EVFTA Nghị định thư 1, Phụ lục II (nhóm 1605); TT 11/2020/TT-BCT (hợp nhất 25/VBHN-BCT), phụ lục quy tắc cụ thể mặt hàng",2020-08-01,,,
030462,Frozen fillets of catfish (Pangasius),WO,,false,[độ tin cậy B] Toàn bộ nguyên liệu Chương 3 thuần túy.,"EVFTA Nghị định thư 1, Phụ lục II (nhóm 0304); TT 11/2020/TT-BCT (hợp nhất 25/VBHN-BCT), phụ lục quy tắc cụ thể mặt hàng",2020-08-01,,,
030487,Frozen fillets of tuna,WO,,true,"[độ tin cậy B] Như trên; cá đánh bắt ngoài lãnh hải cần điều kiện tàu (đăng ký, treo cờ, sở hữu) — NĐT1 Điều 4.","EVFTA Nghị định thư 1, Phụ lục II (nhóm 0304); TT 11/2020/TT-BCT (hợp nhất 25/VBHN-BCT), phụ lục quy tắc cụ thể mặt hàng",2020-08-01,,,
160414,Prepared or preserved tuna,WO,,true,[độ tin cậy B] Nguyên liệu Chương 3 thuần túy; điều kiện tàu như trên.,"EVFTA Nghị định thư 1, Phụ lục II (nhóm 1604); TT 11/2020/TT-BCT (hợp nhất 25/VBHN-BCT), phụ lục quy tắc cụ thể mặt hàng",2020-08-01,,,
030743,Frozen cuttlefish and squid,WO,,false,[độ tin cậy B] Toàn bộ nguyên liệu Chương 3 thuần túy.,"EVFTA Nghị định thư 1, Phụ lục II (nhóm 0307); TT 11/2020/TT-BCT (hợp nhất 25/VBHN-BCT), phụ lục quy tắc cụ thể mặt hàng",2020-08-01,,,
090111,"Coffee, not roasted, not decaffeinated",WO,,false,[độ tin cậy C] Sản phẩm nông nghiệp thu hoạch tại VN.,"EVFTA Nghị định thư 1, Phụ lục II (nhóm 0901); TT 11/2020/TT-BCT (hợp nhất 25/VBHN-BCT), phụ lục quy tắc cụ thể mặt hàng",2020-08-01,,,
090411,"Pepper, neither crushed nor ground",WO,,false,"[độ tin cậy C] Hạt tiêu trồng và thu hoạch tại VN. Tiêu nhập khẩu rồi phân loại/đóng gói lại = gia công đơn giản, không đạt.","EVFTA Nghị định thư 1, Phụ lục II (nhóm 0904); TT 11/2020/TT-BCT (hợp nhất 25/VBHN-BCT), phụ lục quy tắc cụ thể mặt hàng",2020-08-01,,,
080132,"Cashew nuts, shelled",WO,,true,"[độ tin cậy C] Điều thô nhập từ châu Phi rồi bóc vỏ tại VN: cần tra quy tắc Ch.8 có yêu cầu nguyên liệu Ch.8 thuần túy không — rủi ro cao, ngành phụ thuộc điều thô nhập khẩu.","EVFTA Nghị định thư 1, Phụ lục II (nhóm 0801); TT 11/2020/TT-BCT (hợp nhất 25/VBHN-BCT), phụ lục quy tắc cụ thể mặt hàng",2020-08-01,,,
081090,Pitahaya and other tropical fruit,WO,,false,[độ tin cậy C] Trái cây trồng và thu hoạch tại VN.,"EVFTA Nghị định thư 1, Phụ lục II (nhóm 0810); TT 11/2020/TT-BCT (hợp nhất 25/VBHN-BCT), phụ lục quy tắc cụ thể mặt hàng",2020-08-01,,,
100630,Semi-milled or wholly milled rice,WO,,false,[độ tin cậy B] Nguyên liệu Chương 10 thuần túy (lúa trồng tại VN).,"EVFTA Nghị định thư 1, Phụ lục II (nhóm 1006); TT 11/2020/TT-BCT (hợp nhất 25/VBHN-BCT), phụ lục quy tắc cụ thể mặt hàng",2020-08-01,,,
