# BẢN NHÁP v0 từ EVFTA_Legal_Data_Pack_v0.xlsx (30/9/2026) — CHƯA có người duyệt. Dòng độ tin cậy C: bỏ mức EVFTA, người duyệt phải tra.
hs_code,name_en,destination,duty_type,mfn_rate,mfn_specific,evfta_rate_current,staging_category,zero_from,quota_required,quota_note,condition_note,source_url,valid_from,valid_until,expected_status,reviewed_by,reviewed_at
030617,"Frozen shrimps and prawns, other",EU,ad_valorem,12,,0,A,2020-08-01,false,,[độ tin cậy A] Dòng 0306 17 10 có mức cơ sở khác — không gộp,Bộ Công Thương (moit.gov.vn) — cam kết thuế thủy sản EVFTA,2026-01-01,2026-12-31,,,
160521,"Shrimps and prawns, prepared, not in airtight container",EU,ad_valorem,20,,2.5,B7,2027-01-01,false,,"[độ tin cậy B] Nếu đúng B7: 2026 còn 1/8 cơ sở, 0% từ 1/1/2027",Cẩm nang thủy sản Bộ Công Thương 2024 (mức 20% → 0%); lộ trình cần tra 2-A-1,2026-01-01,2026-12-31,,,
160529,"Shrimps and prawns, prepared, other",EU,ad_valorem,20,,,B7,,false,,[độ tin cậy C] Như 1605.21,Như trên,2026-01-01,2026-12-31,,,
030462,Frozen fillets of catfish (Pangasius),EU,ad_valorem,9,,,B3,,false,,[độ tin cậy C] Đã 0% từ 2023 nếu đúng B3,Thông tin lộ trình cá tra 3–7 năm (Bộ Công Thương); mức/nhóm cần tra,2026-01-01,2026-12-31,,,
030487,Frozen fillets of tuna,EU,ad_valorem,18,,0,B3,2023-01-01,false,,[độ tin cậy A] Lộ trình '3 năm' (truyền thông) = nhóm B3 (4 đợt),Bộ Công Thương — thủy sản EVFTA,2026-01-01,2026-12-31,,,
160414,Prepared or preserved tuna,EU,ad_valorem,24,,,,,true,0% trong hạn ngạch 11.500 tấn/năm; ngoài hạn ngạch = MFN. Công cụ phải trả 'cần kiểm thêm',[độ tin cậy A] 0% trong hạn ngạch 11.500 tấn/năm; ngoài hạn ngạch = MFN. Công cụ phải trả 'cần kiểm thêm',Bộ Công Thương — thủy sản EVFTA,2026-01-01,2026-12-31,,,
030743,Frozen cuttlefish and squid,EU,ad_valorem,8,,0,A,2020-08-01,false,,[độ tin cậy B] Chọn đúng dòng 8 số (Loligo khác mức),Bộ Công Thương (mực: xóa thuế ngay); MFN cần tra,2026-01-01,2026-12-31,,,
090111,"Coffee, not roasted, not decaffeinated",EU,ad_valorem,0,,,A,,false,,[độ tin cậy C] MFN 0% → tiết kiệm = 0; công cụ phải nói rõ,CN/TARIC — cần tra,2026-01-01,2026-12-31,,,
090121,"Coffee, roasted, not decaffeinated",EU,ad_valorem,7.5,,,A,,false,,[độ tin cậy C],CN/TARIC — cần tra,2026-01-01,2026-12-31,,,
210111,"Extracts, essences, concentrates of coffee",EU,ad_valorem,9,,,,,false,,[độ tin cậy C] Nhóm lộ trình chưa xác định,CN/TARIC + 2-A-1 — cần tra,2026-01-01,2026-12-31,,,
090411,"Pepper, neither crushed nor ground",EU,ad_valorem,0,,,A,,false,,[độ tin cậy C] MFN 0% → tiết kiệm = 0,CN/TARIC — cần tra,2026-01-01,2026-12-31,,,
080132,"Cashew nuts, shelled",EU,ad_valorem,0,,,A,,false,,[độ tin cậy C] MFN 0% → tiết kiệm = 0,CN/TARIC — cần tra,2026-01-01,2026-12-31,,,
081090,Pitahaya and other tropical fruit,EU,ad_valorem,0,,,A,,false,,[độ tin cậy C] Nếu MFN 0% thì câu 'thanh long được giảm thuế nhờ EVFTA' là sai — kiểm kỹ,CN/TARIC — cần tra,2026-01-01,2026-12-31,,,
100630,Semi-milled or wholly milled rice,EU,specific,,,,,,true,MFN tính theo EUR/tấn. Hạn ngạch tổng 80.000 tấn/năm; gạo thơm chỉ các giống liệt kê — ST25 không thuộc danh sách theo ghi nhận hiện có. Công cụ KHÔNG ra 0%,[độ tin cậy B] MFN tính theo EUR/tấn. Hạn ngạch tổng 80.000 tấn/năm; gạo thơm chỉ các giống liệt kê — ST25 không thuộc danh sách theo ghi nhận hiện có. Công cụ KHÔNG ra 0%,USDA FAS (80.000 tấn); danh sách giống: 2-A-1 + NĐ 103/2020,2026-01-01,2026-12-31,,,
190590,"Bread, pastry, cakes, other",EU,mixed,,,,,,false,,[độ tin cậy C] Thuế hỗn hợp (ad valorem + thành phần nông nghiệp EA) → 'cần kiểm thêm',CN/TARIC — cần tra,2026-01-01,2026-12-31,,,
610910,"T-shirts, singlets, knitted, of cotton",EU,ad_valorem,12,,,,,false,,[độ tin cậy B] Nhóm lộ trình chưa xác định — không đoán,Thuế cơ sở may mặc 12% (Tạp chí Kinh tế & Dự báo); lộ trình cần tra 2-A-1,2026-01-01,2026-12-31,,,
620342,"Men's trousers, of cotton",EU,ad_valorem,12,,,,,false,,[độ tin cậy B] Như trên,Như trên,2026-01-01,2026-12-31,,,
640399,"Footwear with leather uppers, other",EU,ad_valorem,8,,,,,false,,[độ tin cậy C] Một số dòng 6403 99 có mức khác,CN/TARIC + 2-A-1 — cần tra,2026-01-01,2026-12-31,,,
640411,"Sports footwear, textile uppers",EU,ad_valorem,16.9,,,,,false,,[độ tin cậy C],CN/TARIC + 2-A-1 — cần tra,2026-01-01,2026-12-31,,,
940360,Other wooden furniture,EU,ad_valorem,0,,,A,,false,,[độ tin cậy C] MFN 0% → tiết kiệm = 0,CN/TARIC — cần tra,2026-01-01,2026-12-31,,,
