# BẢN NHÁP CHUYÊN MÔN — CHƯA KÝ. reviewed_by/reviewed_at CỐ Ý ĐỂ TRỐNG: luật sư TM phải tra TARIC/Phụ lục 2-A EVFTA, sửa nếu cần rồi mới ký.
# destination=EU: EU là liên minh thuế quan, biểu thuế chung áp dụng như nhau cho cả 27 nước thành viên → một dòng/HS. Mã 'EU' là mã ISO 3166 dành riêng (exceptionally reserved).
# Nguồn: MFN = Biểu thuế chung (CN 2026, Reg. (EEC) 2658/87 Phụ lục I, qua TARIC); EVFTA = Phụ lục 2-A (biểu cam kết EU), Nghị định 116/2022/NĐ-CP (phía VN). source_url trỏ dòng CN8 đại diện.
# EVFTA hiệu lực 01/08/2020; các lần cắt giảm sau vào 01/01 hằng năm → valid_until = 2026-12-31.
hs_code,name_en,destination,duty_type,mfn_rate,mfn_specific,evfta_rate_current,staging_category,zero_from,quota_required,quota_note,condition_note,source_url,valid_from,valid_until,expected_status,reviewed_by,reviewed_at
090111,"Coffee, not roasted, not decaffeinated",EU,ad_valorem,0,,0,A,2020-08-01,false,,"MFN đã 0%; EVFTA không tạo chênh lệch thuế, chỉ có ý nghĩa nếu EUDR/SPS. [Độ tin cậy: cao]",https://ec.europa.eu/taxation_customs/dds2/taric/measures.jsp?Lang=en&Taric=0901110000&OrigCountry=VN,2026-01-01,2026-12-31,ok,,
090121,"Coffee, roasted, not decaffeinated",EU,ad_valorem,7.5,,0,A,2020-08-01,false,,Cần EUR.1/REX hợp lệ. [Độ tin cậy: trung bình — xác nhận hạng A trong Phụ lục 2-A],https://ec.europa.eu/taxation_customs/dds2/taric/measures.jsp?Lang=en&Taric=0901210000&OrigCountry=VN,2026-01-01,2026-12-31,ok,,
080132,"Cashew nuts, shelled",EU,ad_valorem,0,,0,A,2020-08-01,false,,MFN đã 0%. [Độ tin cậy: cao],https://ec.europa.eu/taxation_customs/dds2/taric/measures.jsp?Lang=en&Taric=0801320000&OrigCountry=VN,2026-01-01,2026-12-31,ok,,
090411,"Pepper of the genus Piper, neither crushed nor ground",EU,ad_valorem,0,,0,A,2020-08-01,false,,"MFN đã 0%. Rủi ro chính là MRL/SPS, không phải thuế. [Độ tin cậy: cao]",https://ec.europa.eu/taxation_customs/dds2/taric/measures.jsp?Lang=en&Taric=0904110000&OrigCountry=VN,2026-01-01,2026-12-31,ok,,
090619,"Cinnamon, neither crushed nor ground — other",EU,ad_valorem,0,,0,A,2020-08-01,false,,MFN đã 0%. [Độ tin cậy: cao],https://ec.europa.eu/taxation_customs/dds2/taric/measures.jsp?Lang=en&Taric=0906190000&OrigCountry=VN,2026-01-01,2026-12-31,ok,,
090240,Other black tea (fermented) and other partly fermented tea,EU,ad_valorem,0,,0,A,2020-08-01,false,,MFN đã 0%. [Độ tin cậy: cao],https://ec.europa.eu/taxation_customs/dds2/taric/measures.jsp?Lang=en&Taric=0902400000&OrigCountry=VN,2026-01-01,2026-12-31,ok,,
100630,Semi-milled or wholly milled rice,EU,specific,,175 EUR/t,0,TRQ,,true,"TRQ EVFTA 80.000 t/năm: 30.000 t gạo xay xát, 20.000 t gạo chưa xay xát, 30.000 t gạo thơm (danh mục giống; ST24/ST25 được bổ sung cuối 2023). Quản lý theo Reg. (EU) 2020/761; cần giấy chứng nhận chủng loại gạo thơm (NĐ 103/2020/NĐ-CP) + giấy phép nhập khẩu phía EU.",Thuế 0% CHỈ trong hạn ngạch; ngoài hạn ngạch áp MFN. evfta_rate_current=0 là mức trong hạn ngạch. [Độ tin cậy: trung bình — xác minh mức MFN từng dòng CN8 1006 30 21–98 và số thứ tự hạn ngạch],https://ec.europa.eu/taxation_customs/dds2/taric/measures.jsp?Lang=en&Taric=1006309800&OrigCountry=VN,2026-01-01,2026-12-31,needs_review,,
030617,"Other shrimps and prawns, frozen",EU,ad_valorem,12,,0,A,2020-08-01,false,,Tôm nguyên liệu đông lạnh về 0% khi hiệp định có hiệu lực (theo VASEP/báo cáo ngành). [Độ tin cậy: trung bình — đối chiếu từng dòng CN8 0306 17 10/91/92/99 trong Phụ lục 2-A],https://ec.europa.eu/taxation_customs/dds2/taric/measures.jsp?Lang=en&Taric=0306179200&OrigCountry=VN,2026-01-01,2026-12-31,ok,,
160529,"Shrimps and prawns, prepared or preserved — other",EU,ad_valorem,20,,2.5,B7,2027-01-01,false,,"B7: 8 lần cắt đều, lần 1 ngày 01/08/2020, sau đó mỗi 01/01 → 2026 còn 2,5%; 0% từ 01/01/2027. [Độ tin cậy: trung bình — xác nhận hạng B7]",https://ec.europa.eu/taxation_customs/dds2/taric/measures.jsp?Lang=en&Taric=1605290000&OrigCountry=VN,2026-01-01,2026-12-31,ok,,
030462,Frozen fillets of catfish (Pangasius spp.),EU,ad_valorem,9,,0,B3,2023-01-01,false,,B3: 0% từ 01/01/2023. [Độ tin cậy: trung bình — xác nhận hạng B3],https://ec.europa.eu/taxation_customs/dds2/taric/measures.jsp?Lang=en&Taric=0304620000&OrigCountry=VN,2026-01-01,2026-12-31,ok,,
160414,"Prepared or preserved tunas, skipjack and bonito, whole or in pieces",EU,ad_valorem,24,,0,TRQ,,true,"TRQ cá ngừ chế biến 11.500 t/năm, 0% trong hạn ngạch; ngoài hạn ngạch MFN 24%. Cần xác định dòng CN8 nào thuộc TRQ (đồ hộp vs loins 1604 14 16).",evfta_rate_current=0 là mức trong hạn ngạch. [Độ tin cậy: trung bình],https://ec.europa.eu/taxation_customs/dds2/taric/measures.jsp?Lang=en&Taric=1604142800&OrigCountry=VN,2026-01-01,2026-12-31,needs_review,,
081060,"Durians, fresh",EU,ad_valorem,8.8,,0,A,2020-08-01,false,,[Độ tin cậy: trung bình — xác nhận hạng A],https://ec.europa.eu/taxation_customs/dds2/taric/measures.jsp?Lang=en&Taric=0810600000&OrigCountry=VN,2026-01-01,2026-12-31,ok,,
081090,"Other fruit, fresh",EU,ad_valorem,8.8,,0,A,2020-08-01,false,,"HS6 tách nhiều dòng CN8: 0810 90 20 (vải, mít, chanh leo, thanh long, khế…) MFN 0%; 0810 90 75 (loại khác) MFN 8,8%. mfn_rate ghi mức cao nhất. [Độ tin cậy: trung bình]",https://ec.europa.eu/taxation_customs/dds2/taric/measures.jsp?Lang=en&Taric=0810907500&OrigCountry=VN,2026-01-01,2026-12-31,needs_review,,
080450,"Guavas, mangoes and mangosteens, fresh or dried",EU,ad_valorem,0,,0,A,2020-08-01,false,,MFN đã 0%. [Độ tin cậy: cao],https://ec.europa.eu/taxation_customs/dds2/taric/measures.jsp?Lang=en&Taric=0804500000&OrigCountry=VN,2026-01-01,2026-12-31,ok,,
081190,"Other fruit, frozen",EU,mixed,14.4,có dòng thêm thuế theo đường,0,A,2020-08-01,false,,"HS6 tách nhiều dòng CN8 (có/không thêm đường; quả nhiệt đới 0811 90 85 MFN 9%; loại khác tới 14,4%). Không dùng một mức cho cả HS6. [Độ tin cậy: thấp — phải tra theo CN8]",https://ec.europa.eu/taxation_customs/dds2/taric/measures.jsp?Lang=en&Taric=0811908500&OrigCountry=VN,2026-01-01,2026-12-31,needs_review,,
200899,Fruit otherwise prepared or preserved — other,EU,mixed,,ad valorem + thành phần đường/rượu tùy dòng,0,A,2020-08-01,false,,"Nhóm dư, rất nhiều dòng CN8, có yếu tố thuế theo hàm lượng đường. Bắt buộc phân loại CN8 trước khi báo thuế. [Độ tin cậy: thấp]",https://trade.ec.europa.eu/access-to-markets/en/content/eu-vietnam-free-trade-agreement,2026-01-01,2026-12-31,needs_review,,
080111,"Coconuts, desiccated",EU,ad_valorem,0,,0,A,2020-08-01,false,,MFN đã 0%. [Độ tin cậy: cao],https://ec.europa.eu/taxation_customs/dds2/taric/measures.jsp?Lang=en&Taric=0801110000&OrigCountry=VN,2026-01-01,2026-12-31,ok,,
190219,"Uncooked pasta, not containing eggs — other",EU,specific,,7.7 EUR/100kg (1902 19 10); 6.7 EUR/100kg (1902 19 90),0,B5,2025-01-01,false,,"Bao gồm bún/phở/miến gạo khô. Theo MARD, sản phẩm từ gạo về 0% sau 3–5 năm → 2026 đã 0% dù B3 hay B5. [Độ tin cậy: trung bình — xác nhận hạng]",https://ec.europa.eu/taxation_customs/dds2/taric/measures.jsp?Lang=en&Taric=1902199000&OrigCountry=VN,2026-01-01,2026-12-31,ok,,
210390,Sauces and preparations therefor — other,EU,ad_valorem,7.7,,0,A,2020-08-01,false,,"Nước mắm, tương ớt thường ở 2103 90 90. Nếu hạng là B7 thì 2026 còn ~0,96%. [Độ tin cậy: thấp — bắt buộc xác nhận hạng]",https://ec.europa.eu/taxation_customs/dds2/taric/measures.jsp?Lang=en&Taric=2103909000&OrigCountry=VN,2026-01-01,2026-12-31,needs_review,,
040900,Natural honey,EU,ad_valorem,17.3,,0,A,2020-08-01,false,,"Chênh lệch thuế lớn nhất danh sách (17,3 → 0). Lưu ý EU Honey Directive (sửa đổi 2024) về ghi nhãn xuất xứ. [Độ tin cậy: trung bình]",https://ec.europa.eu/taxation_customs/dds2/taric/measures.jsp?Lang=en&Taric=0409000000&OrigCountry=VN,2026-01-01,2026-12-31,ok,,
